WORK,GRAD,EXP,PrevWork,INCENT,Ref,products,ticket,member,earning fm,depend,Department,RC,lang,PREVIND,NOIND,Performance
1,40.811456,5,1,15000,4,2,1000000,1,1,1,2,5,3,0,3,0
1,40.811456,2,2,8000,6,1,125000,3,2,4,3,2,3,0,1,1
1,31.428571,5,2,2000,1,4,2000000,3,1,2,1,4,2,0,3,1
1,36.871508,5,2,15000,2,1,2000000,3,2,3,1,4,2,0,1,1
1,36.871508,1,3,0,4,1,0,3,1,3,1,6,2,0,1,0
1,36.871508,10,1,5000,4,1,125000,1,1,3,1,1,3,0.4,1,0
1,40.811456,2,2,15000,1,1,2000000,5,3,3,1,4,1,0.333333333,3,1
1,40.811456,7,1,15000,5,0,1200000,3,0,2,3,3,3,0,3,0
1,36.871508,2,2,15000,1,1,2000000,3,2,2,3,4,3,0.25,1,0
1,40.811456,3,1,8000,1,2,2000000,5,0,4,3,4,2,0,1,0
1,40.811456,3,1,15000,3,2,2000000,5,2,5,4,6,4,0,1,1
1,40.811456,2,4,8000,1,1,125000,3,0,3,1,5,4,0,1,1
1,36.871508,7,2,8000,1,1,2000000,1,1,1,3,3,1,0,5,0
1,40.811456,9,1,15000,3,2,1000000,3,1,2,5,4,3,0,3,0
0.5,40.811456,15,3,0,1,1,125000,3,1,3,1,4,3,0,3,1
1,40.811456,3,1,5000,1,1,1000000,5,2,0,4,2,3,0,1,1
1,40.811456,6,2,15000,2,1,0,3,5,2,4,6,4,0,1,0
1,40.811456,6,1,15000,1,2,400000,3,0,3,5,2,4,0,3,0
1,36.871508,5,1,5000,4,2,1000000,5,3,3,1,3,4,0,3,0
1,36.871508,5,2,5000,6,2,25000,3,1,4,2,0,4,0,5,1
1,36.871508,8,1,5000,2,1,125000,3,1,3,1,4,1,0,1,1
1,40.811456,7,1,15000,2,2,400000,3,0,3,1,5,1,0,3,0
1,40.811456,3,1,5000,1,2,1000000,5,2,4,3,3,3,0,1,1
1,40.811456,0,1,5000,1,0,400000,5,0,2,6,2,4,0,0,1
1,40.811456,3,1,5000,1,3,400000,3,1,3,2,4,2,1,1,0
1,36.871508,5,1,15000,1,2,1000000,3,3,1,2,2,3,0,1,0
1,40.811456,5,1,5000,1,0,25000,1,0,2,5,5,3,0,3,0
1,40.811456,7,1,15000,1,1,2000000,3,0,5,5,2,3,0,1,0
0.5,40.811456,8,2,8000,6,2,1000000,1,1,2,5,4,1,0,3,1
1,40.811456,4,1,5000,1,2,2000000,1,1,1,1,2,2,0,1,0
1,36.871508,6,1,15000,2,2,2000000,3,1,2,2,4,4,0,3,0
1,31.428571,5,1,5000,4,1,125000,1,0,2,6,3,8,0,3,0
1,36.871508,10,2,0,1,3,0,3,0,5,1,3,4,0,1,0
1,40.811456,4,1,8000,1,2,125000,3,0,4,2,6,3,0,1,1
1,40.811456,1,1,15000,6,2,125000,3,2,2,3,5,4,0,3,1
1,36.871508,4,1,15000,1,4,2000000,5,2,5,2,5,3,0,3,0
1,2,0,1,15000,1,0,1200000,3,0,0,2,2,4,0,0,0
1,36.871508,3,2,8000,1,1,2000000,5,5,3,4,5,1,0,1,0
1,40.811456,8,2,8000,1,3,2000000,1,2,2,2,5,2,0,5,0
1,40.811456,3,2,8000,1,2,125000,3,1,3,5,5,4,0,3,1
1,36.871508,4,1,15000,1,2,2000000,5,2,3,4,2,4,0,1,1
1,36.871508,1,3,15000,1,1,125000,3,2,3,3,4,3,0,1,0
1,40.811456,2,2,5000,1,1,2000000,3,2,3,3,5,1,0,1,1
1,40.811456,4,1,8000,1,2,400000,3,1,3,1,4,4,0,1,0
1,36.871508,11,4,15000,3,2,400000,5,1,5,1,6,2,0,3,0
1,40.811456,2,2,15000,3,2,125000,5,1,0,1,6,3,0,1,0
1,2,0,1,15000,5,0,1200000,3,0,2,3,4,1,0,0,1
1,2,0,1,2000,1,0,400000,3,0,2,3,2,4,0,0,0
1,40.811456,10,1,15000,1,3,2000000,3,1,3,1,5,2,0,1,1
1,40.811456,4,1,15000,1,2,1000000,5,1,2,5,4,2,0,3,0
1,2,0,1,8000,1,0,1200000,5,0,2,2,2,2,0,0,0
1,40.811456,3,2,15000,1,2,2000000,5,0,5,1,4,2,0,1,1
1,40.811456,3,2,8000,2,1,400000,3,1,2,1,4,4,0,1,0
1,40.811456,5,2,15000,1,0,1200000,3,0,2,3,1,4,0,3,1
1,31.428571,0,3,0,6,1,0,3,2,1,6,4,3,0,0,0
1,40.811456,2,1,8000,1,2,2000000,3,2,2,2,4,1,0.666666667,1,1
1,40.811456,2,1,5000,1,0,1200000,3,0,3,1,0,4,0,0,0
1,40.811456,0,3,0,6,1,0,5,1,4,1,5,2,0,0,1
1,40.811456,3,1,8000,2,1,1000000,5,5,5,1,3,1,0,3,0
1,2,0,1,5000,5,0,1200000,5,0,3,3,2,3,0,0,1
1,40.811456,10,1,15000,1,2,2000000,5,2,3,1,4,4,0,5,0
1,40.811456,4,1,15000,1,0,400000,3,0,1,4,2,3,0,3,1
1,36.871508,5,1,8000,1,1,125000,5,5,2,2,3,1,0,1,0
1,36.871508,5,1,8000,1,0,1200000,5,0,2,4,2,4,0,3,0
1,2,0,1,0,1,0,125000,3,0,1,1,4,1,0,0,1
1,40.811456,3,2,0,2,1,25000,3,1,3,1,4,3,0,1,0
1,36.871508,5,2,5000,4,2,1000000,3,0,2,5,3,3,0,1,0
1,36.871508,5,1,15000,3,1,125000,1,4,5,1,6,3,0,3,1
1,40.811456,4,1,5000,4,2,25000,5,3,0,1,4,2,0,1,0
1,36.871508,1,1,5000,1,1,25000,3,1,3,3,3,2,0,1,0
0.5,40.811456,8,2,5000,1,2,25000,5,2,3,2,4,4,0,3,0
0.5,40.811456,6,1,5000,3,2,2000000,3,1,3,1,4,1,0,5,1
0.5,40.811456,11,5,0,2,2,1000000,5,0,4,3,5,4,0,5,1
1,40.811456,6,2,15000,1,2,25000,5,1,5,5,1,1,1,1,0
1,40.811456,0,1,5000,1,0,1200000,1,0,2,2,3,1,0,0,0
1,40.811456,7,1,5000,4,1,2000000,3,0,3,1,5,3,0,1,1
1,2,0,1,8000,5,0,1200000,5,0,1,2,6,1,0,0,1
1,40.811456,3,1,5000,2,1,125000,1,2,1,1,4,3,0,1,0
1,2,0,1,8000,1,0,400000,5,0,1,3,4,3,0,0,0
1,40.811456,2,1,5000,1,1,1000000,5,3,0,1,5,1,0,1,0
1,40.811456,3,1,15000,1,2,1000000,3,1,3,2,2,2,0,1,1
1,36.871508,4,3,5000,1,1,0,3,1,2,1,0,4,0,1,0
1,36.871508,9,2,15000,1,1,0,5,0,4,1,6,4,0,1,0
1,2,5,2,15000,1,0,1200000,1,0,2,5,1,3,0,0,1
1,40.811456,7,1,15000,1,1,25000,5,2,2,3,5,5,0,1,1
1,40.811456,5,2,5000,1,1,2000000,3,2,2,3,6,1,0,1,0
1,40.811456,8,1,15000,1,1,2000000,5,0,5,1,2,3,0,5,0
0.5,40.811456,9,3,15000,1,1,2000000,5,2,3,4,5,2,0,3,1
1,40.811456,5,2,15000,1,4,1000000,3,0,2,5,4,3,2,3,0
1,40.811456,0,1,15000,1,0,1200000,5,0,2,2,2,3,0,0,1
1,40.811456,9,2,15000,1,2,1000000,5,2,3,3,5,3,1,3,0
1,36.871508,6,2,15000,2,2,1000000,3,1,2,1,3,5,0,3,1
1,2,0,1,15000,1,0,1200000,1,0,4,2,5,3,0,0,0
1,36.871508,1,1,5000,6,2,1000000,5,1,1,4,4,3,0,1,0
1,40.811456,3,1,5000,2,1,2000000,5,5,5,1,3,1,0,3,0
1,40.811456,6,3,5000,4,1,0,5,5,5,1,5,2,0,1,0
1,31.428571,7,1,5000,1,1,125000,5,2,0,3,3,5,0,5,0
0.5,40.811456,6,2,15000,1,2,1000000,1,2,1,1,6,4,0,3,0
1,36.871508,2,1,15000,2,1,125000,3,3,2,1,4,5,0.25,1,0
1,40.811456,0,1,15000,1,0,400000,5,0,1,1,5,2,0,0,1
1,40.811456,0,1,2000,5,0,1200000,3,0,4,2,4,3,0,0,0
1,36.871508,7,1,5000,2,2,2000000,5,2,4,2,4,4,0,1,0
1,40.811456,6,1,5000,1,1,1000000,5,2,4,3,2,4,0,5,1
1,40.811456,0,1,0,2,2,0,5,1,3,1,3,3,0,0,0
1,40.811456,3,1,15000,1,1,400000,3,2,1,2,5,2,0,1,1
1,40.811456,3,1,5000,1,0,1200000,3,0,3,2,5,1,0,3,0
1,36.871508,7,4,8000,6,1,0,5,1,4,2,3,2,0,3,0
1,36.871508,10,4,15000,1,1,2000000,3,1,0,2,6,2,0,3,1
1,40.811456,5,1,8000,1,2,400000,3,1,2,3,5,2,0,1,0
1,40.811456,0,1,15000,1,0,1200000,5,0,4,4,5,1,0,0,1
1,36.871508,4,1,5000,1,2,2000000,1,1,0,2,2,3,0,1,0
1,36.871508,5,2,15000,6,2,1000000,5,5,2,1,3,1,0,1,0
1,40.811456,5,2,15000,1,2,400000,3,1,1,2,3,4,0,1,0
1,40.811456,0,1,5000,5,0,1200000,3,0,2,3,4,1,0,0,1
1,36.871508,6,1,5000,3,2,2000000,5,1,3,4,4,4,0,5,1
1,40.811456,5,1,5000,4,2,1000000,1,1,2,1,5,4,0,5,1
1,31.428571,5,1,15000,1,1,400000,3,1,4,2,5,3,0,1,0
1,36.871508,4,1,5000,1,1,2000000,3,2,4,1,3,3,0,3,1
1,36.871508,3,2,15000,6,1,2000000,5,3,1,1,5,2,0.5,1,1
1,2,0,1,15000,5,0,1200000,3,0,3,2,2,4,0,0,1
1,40.811456,1,3,5000,3,1,400000,3,0,4,4,4,2,0,0,0
1,36.871508,5,2,5000,1,1,125000,3,1,3,3,4,1,0,1,0
1,36.871508,1,1,15000,3,2,2000000,3,1,3,2,5,2,0,1,1
1,36.871508,3,1,5000,2,2,400000,3,4,0,1,6,3,0,1,0
1,40.811456,5,1,5000,6,2,125000,3,2,3,2,0,3,0,3,0
1,2,0,1,15000,5,0,1200000,5,0,3,5,3,3,0,0,1
1,2,0,1,5000,1,0,25000,5,0,4,3,5,3,0,0,0
1,2,0,1,15000,1,0,1200000,5,0,2,1,5,2,0,0,0
1,40.811456,6,1,2000,5,0,1200000,3,0,2,2,2,1,0,3,0
1,40.811456,16,2,8000,1,1,400000,1,0,2,3,4,3,0,1,1
1,40.811456,8,1,2000,1,1,125000,3,2,2,1,2,3,1,0,1
1,2,0,1,2000,5,0,1200000,5,0,0,1,2,2,0,0,0
1,40.811456,6,2,15000,1,2,125000,1,1,2,2,4,1,0,3,0
1,40.811456,10,2,15000,1,2,1000000,5,1,5,1,5,1,0,1,0
0.5,40.811456,2,1,2000,2,2,25000,5,3,3,6,4,4,0,1,0
1,36.871508,5,2,5000,1,2,400000,5,3,2,1,4,3,1,3,0
1,40.811456,2,1,15000,2,2,2000000,5,0,5,1,2,2,0,1,0
1,40.811456,7,1,2000,5,0,400000,5,0,4,1,5,4,0,1,0
1,2,0,1,15000,1,0,1200000,3,0,2,1,1,2,0,0,0
1,40.811456,7,1,5000,3,1,1000000,5,0,5,3,6,1,0,3,1
1,36.871508,7,2,15000,1,1,2000000,3,1,2,2,4,4,0,3,0
1,40.811456,5,2,8000,1,2,400000,5,1,1,3,4,4,0,3,1
1,40.811456,4,1,15000,1,1,400000,3,2,0,3,3,3,0,1,0
1,36.871508,13,1,0,1,0,0,3,0,2,4,4,5,0,3,0
1,36.871508,4,1,5000,6,2,400000,1,0,2,3,4,2,0,1,1
1,40.811456,4,1,5000,1,2,0,3,2,3,3,3,3,0,3,0
1,40.811456,5,1,8000,1,2,125000,3,1,2,1,4,4,0,1,0
1,40.811456,5,5,15000,1,1,2000000,1,1,2,6,5,3,0,1,1
1,60,3,2,0,1,2,1000000,5,3,2,1,3,1,0,1,0
1,40.811456,0,1,0,6,2,0,5,0,4,1,6,1,0,0,1
1,40.811456,2,1,5000,1,2,1000000,1,1,1,1,5,3,0,1,0
1,40.811456,4,4,15000,3,1,2000000,5,0,4,1,4,3,0,1,0
1,31.428571,3,2,15000,1,1,125000,3,2,2,1,5,1,0,1,0
1,60,1,1,15000,7,2,1000000,3,2,2,2,5,2,0,1,1
1,40.811456,2,2,15000,1,1,1000000,5,5,5,4,6,4,0,1,1
1,36.871508,4,1,8000,2,1,2000000,5,3,4,1,4,1,0.4,1,0
1,2,4,1,15000,1,0,400000,3,0,2,4,5,3,0,1,0
1,36.871508,2,1,15000,1,1,125000,5,2,4,2,4,4,0,5,1
1,36.871508,6,1,8000,3,1,1000000,3,3,2,1,5,2,0,1,0
1,40.811456,5,2,8000,1,1,2000000,3,0,3,1,5,4,0,1,0
1,36.871508,3,2,0,2,2,1000000,3,1,2,3,4,4,0,1,0
1,40.811456,0,1,8000,1,1,1200000,5,0,2,2,2,5,0,0,0
1,40.811456,4,5,8000,2,2,2000000,3,0,4,2,4,3,0,1,1
1,40.811456,3,1,5000,4,2,2000000,5,3,2,2,4,2,0,3,0
1,36.871508,1,3,0,1,1,125000,3,1,1,1,6,3,0,0,0
1,40.811456,2,1,5000,6,2,25000,5,0,4,1,4,1,0,1,0
1,40.811456,5,1,15000,1,0,1200000,3,0,3,3,4,2,0,0,0
1,40.811456,0,1,2000,1,0,0,3,0,4,1,6,3,0,0,0
1,40.811456,5,1,5000,2,2,25000,5,0,5,1,5,2,0,3,0
1,2,0,1,5000,1,0,1200000,3,0,1,4,5,1,0,0,0
1,40.811456,1,2,5000,1,1,125000,3,1,2,1,1,1,0,1,0
0.5,40.811456,2,1,15000,1,2,25000,1,1,1,1,5,2,0,1,0
1,40.811456,0,1,0,1,2,0,3,4,3,1,4,3,0,0,0
1,2,0,1,8000,1,0,25000,5,0,2,1,5,4,0,0,1
1,40.811456,6,1,15000,4,2,2000000,3,0,2,1,4,1,0,3,0
1,40.811456,8,1,8000,1,2,1000000,3,3,2,1,3,3,0,5,0
1,40.811456,5,1,5000,4,1,2000000,5,2,0,2,3,1,1,1,1
1,36.871508,2,3,15000,1,2,1000000,1,1,1,1,2,2,0,1,1
0.5,31.428571,10,1,0,4,3,2000000,5,1,5,1,1,3,0,3,0
1,36.871508,0,3,0,1,1,0,3,1,2,1,6,1,0,0,0
1,40.811456,6,5,5000,2,1,400000,3,1,3,1,4,2,0,1,0
1,60,20,1,15000,2,2,2000000,3,0,3,1,5,4,0,3,0
1,2,0,1,15000,1,0,1200000,5,0,5,1,4,1,0,0,1
1,2,0,1,15000,1,0,400000,1,0,2,5,4,3,0,0,1
1,40.811456,6,1,5000,4,2,1000000,5,3,2,2,6,3,1,1,0
1,40.811456,5,2,8000,4,2,1000000,5,3,2,6,5,2,0,3,1
1,33.333333,2,3,15000,3,1,25000,3,1,3,1,6,3,0,1,0
1,36.871508,5,1,5000,1,1,400000,5,2,4,1,4,7,0,3,1
1,40.811456,3,3,0,6,1,25000,1,1,2,1,1,1,0,3,0
1,40.811456,7,2,15000,1,1,1000000,5,3,2,5,6,3,0,1,1
1,36.871508,1,1,5000,1,1,400000,3,2,3,1,4,3,0,1,0
1,36.871508,4,1,15000,1,2,2000000,3,3,1,1,5,3,0,3,1
1,2,0,1,5000,1,0,1200000,5,0,5,4,2,1,0,0,0
1,40.811456,4,2,5000,4,2,125000,5,3,3,1,2,4,0,1,0
1,40.811456,1,1,5000,1,0,1200000,5,0,2,2,5,3,0,3,0
1,31.428571,1,2,5000,2,2,25000,3,5,2,1,5,3,0,1,0
1,40.811456,3,1,0,1,0,25000,5,0,1,3,4,4,0,3,0
1,40.811456,0,1,5000,1,2,0,3,1,3,,3,4,0,0,0
1,40.811456,2,1,5000,6,2,1000000,1,1,2,2,5,3,0,1,1
1,36.871508,4,2,15000,2,2,400000,5,2,5,1,4,4,0,1,0
1,40.811456,9,2,15000,2,2,2000000,3,0,2,4,5,4,0,3,1
1,40.811456,7,1,8000,1,2,2000000,5,1,3,2,2,2,0,3,0
0.5,40.811456,2,2,15000,4,1,2000000,3,0,3,1,2,2,1.333333333,0,1
1,36.871508,10,1,8000,3,1,25000,5,1,4,2,6,1,0.4,3,1
1,40.811456,7,2,15000,4,1,400000,5,2,1,3,6,4,0,1,1
1,40.811456,10,1,15000,1,1,1000000,5,1,4,1,3,2,0,0,1
1,36.871508,6,4,15000,1,1,125000,5,3,3,1,5,2,0,1,0
1,40.811456,3,1,8000,6,2,25000,3,2,1,2,3,3,0,1,1
1,40.811456,12,4,15000,1,1,25000,3,1,0,2,6,1,0,3,0
1,40.811456,1,2,5000,1,1,0,5,5,3,1,2,1,0,1,0
1,36.871508,4,1,15000,6,1,1000000,3,5,3,5,4,4,0,3,1
1,40.811456,2,1,15000,2,2,1000000,5,2,3,6,5,1,0,1,0
1,40.811456,1,2,2000,1,2,400000,3,1,1,2,3,3,0,1,0
1,40.811456,3,1,15000,1,2,2000000,3,5,2,1,3,3,0,1,1
1,31.428571,10,2,15000,1,1,2000000,3,0,2,1,4,4,0,5,0
1,2,0,1,5000,5,0,400000,5,0,5,3,2,4,0,0,1
1,40.811456,5,5,5000,3,1,25000,5,5,2,2,3,3,0,3,0
1,36.871508,4,1,15000,6,1,125000,3,1,2,1,4,3,0,1,0
1,2,0,1,15000,1,0,0,5,0,5,2,3,2,0,0,1
1,36.871508,7,3,5000,1,1,1000000,3,2,2,6,5,2,0,3,0
1,2,0,1,15000,1,0,400000,3,0,1,3,5,2,0,0,1
1,2,0,1,15000,5,0,1200000,5,0,4,3,4,4,0,0,0
1,40.811456,3,2,15000,1,2,25000,5,2,4,2,2,3,0,1,1
1,2,0,1,5000,1,0,400000,3,0,2,2,5,4,0,0,0
1,40.811456,7,3,5000,1,1,125000,3,1,1,1,5,2,0,3,0
0.5,31.428571,3,1,15000,3,1,2000000,3,1,3,1,5,1,0.4,3,1
0.5,36.871508,7,1,15000,1,2,25000,3,2,1,1,2,1,0,1,0
1,40.811456,2,1,8000,1,2,1000000,3,5,2,1,2,3,0,1,1
0.5,40.811456,4,1,15000,1,1,25000,5,2,1,3,2,3,0,1,0
1,40.811456,4,2,8000,5,0,400000,3,0,2,3,4,2,0,3,1
1,40.811456,5,1,5000,1,2,400000,3,3,1,1,5,1,0,3,0
1,36.871508,9,2,15000,1,1,1000000,3,2,3,3,6,3,0,3,1
1,40.811456,1,2,5000,2,1,125000,3,2,3,2,4,4,0,1,0
1,2,0,1,15000,1,0,1200000,5,0,3,1,6,1,0,0,1
1,40.811456,6,2,15000,2,2,400000,5,1,5,2,4,2,0,3,1
1,40.811456,2,2,8000,1,2,125000,3,5,4,6,5,1,0,1,1
1,2,0,1,5000,1,0,1200000,5,0,5,2,4,3,0,0,0
1,31.428571,0,3,0,1,1,0,3,0,4,1,3,4,0.25,0,0
1,2,0,1,8000,1,0,400000,3,0,3,2,3,4,0,0,0
1,36.871508,5,3,5000,1,1,2000000,3,2,3,1,2,3,0,1,0
1,31.428571,4,2,5000,1,1,1000000,3,0,2,3,4,4,0,3,1
1,40.811456,4,2,5000,1,2,400000,3,5,3,6,3,4,0,1,1
1,31.428571,6,1,15000,1,2,2000000,3,1,3,1,3,2,0,3,1
1,36.871508,5,1,8000,6,1,1000000,1,0,2,1,6,4,0,1,0
1,40.811456,5,2,8000,1,2,0,1,0,1,1,5,3,0,3,0
1,2,0,2,15000,1,0,400000,3,0,3,5,4,3,0,1,1
1,31.428571,0,3,0,3,1,0,3,1,2,1,5,4,0,0,1
1,40.811456,0,1,5000,5,0,400000,3,0,3,3,2,2,0,0,0
1,40.811456,3,1,15000,5,0,1200000,3,0,3,1,4,2,0,3,0
1,31.428571,2,1,8000,1,1,1000000,3,5,3,3,1,2,0,1,0
1,40.811456,4,1,15000,1,0,1200000,5,0,3,2,4,7,0,5,1
1,40.811456,6,2,15000,1,2,2000000,5,2,5,5,1,2,0,3,0
1,36.871508,6,1,15000,1,2,125000,5,3,2,2,4,1,0,3,1
1,36.871508,2,1,8000,1,2,400000,3,2,3,3,6,4,0,1,0
1,40.811456,4,2,8000,1,2,2000000,1,0,1,3,4,4,0,3,0
1,36.871508,2,1,5000,2,1,125000,3,0,3,2,4,2,0,1,1
0.5,60,6,1,15000,1,1,2000000,5,1,5,3,0,5,0,5,1
1,40.811456,2,2,2000,3,1,2000000,3,0,3,1,5,2,0,1,0
1,40.811456,3,1,5000,4,1,2000000,3,1,2,1,4,7,0,1,0
1,40.811456,8,1,8000,1,2,1000000,5,0,4,6,6,2,0,3,1
1,36.871508,4,3,15000,6,1,2000000,1,2,1,1,3,4,0,1,0
1,36.871508,2,1,15000,1,1,2000000,3,4,4,2,4,2,0,1,0
1,40.811456,7,3,5000,6,1,25000,3,5,3,1,6,3,1.333333333,3,0
1,40.811456,10,2,15000,1,1,2000000,3,1,1,3,1,3,0,5,1
1,40.811456,9,1,5000,1,0,1200000,1,0,2,5,5,3,0,3,1
1,36.871508,2,2,0,2,2,25000,5,3,0,2,3,3,1.333333333,1,1
1,2,0,1,15000,1,0,400000,3,0,3,2,3,3,0,0,1
1,40.811456,6,2,8000,1,2,400000,3,1,5,2,3,3,0,5,0
1,36.871508,8,2,2000,1,1,25000,3,2,3,1,4,3,0.666666667,1,0
1,40.811456,4,3,0,1,1,0,5,2,3,2,4,5,0,1,0
1,40.811456,2,1,8000,2,2,125000,3,1,4,2,4,3,0.666666667,1,1
1,40.811456,7,3,5000,1,1,25000,3,1,2,5,4,4,0,1,1
1,40.811456,31032023,3,5000,4,1,1000000,3,0,3,1,2,4,0,5,1
1,40.811456,6,1,15000,6,1,2000000,3,1,1,3,5,3,0,1,1
1,2,0,1,15000,1,0,1200000,3,0,2,2,2,2,0,0,1
1,36.871508,0,1,0,1,2,25000,1,1,2,1,4,3,0.5,0,0
1,2,0,1,5000,5,0,1200000,5,0,2,6,2,3,0,0,1
1,40.811456,5,2,5000,1,2,2000000,5,4,2,1,6,3,0,1,0
1,36.871508,4,1,15000,3,1,125000,1,2,1,1,6,3,1,1,0
1,36.871508,10,3,15000,1,1,400000,5,0,4,3,2,4,0,1,1
1,2,0,1,15000,1,0,1200000,1,0,2,3,4,4,0,0,1
1,40.811456,3,2,5000,1,2,2000000,5,2,3,1,4,3,0,1,0
1,40.811456,0,1,0,1,2,0,5,2,3,1,4,3,0,0,0
1,31.428571,7,2,15000,6,1,1000000,1,1,2,3,5,4,0,3,1
1,40.811456,8,1,8000,1,2,2000000,5,2,2,5,4,4,0,5,1
1,40.811456,6,3,5000,1,1,400000,3,1,2,1,4,3,0,3,0
1,40.811456,4,2,15000,5,0,1200000,5,0,3,4,5,2,0,1,1
1,2,0,1,2000,1,0,1200000,1,0,1,1,5,4,0,0,0
0.5,36.871508,6,1,5000,1,1,1000000,3,1,3,3,4,1,0,3,1
1,40.811456,2,1,5000,1,1,400000,3,0,3,6,4,2,0,1,0
1,40.811456,7,2,5000,1,1,1000000,3,2,2,5,5,4,0,1,0
1,40.811456,12,1,15000,4,2,2000000,1,1,2,4,0,3,0,1,0
1,40.811456,7,3,15000,3,1,2000000,3,1,3,3,4,4,0,3,0
1,40.811456,10,1,5000,3,2,1000000,3,0,4,1,5,5,0,3,0
1,60,2,1,5000,2,2,0,3,5,4,1,3,1,0,1,1
1,40.811456,2,2,8000,1,1,1200000,5,0,2,2,3,3,0,1,0
1,36.871508,6,1,0,1,2,125000,5,2,1,3,4,4,0,1,1
1,2,0,1,5000,1,0,1200000,3,0,0,5,6,2,0,0,1
1,40.811456,1,2,15000,1,1,2000000,3,1,2,1,4,1,0,1,1
1,40.811456,6,2,15000,1,2,2000000,3,0,3,2,4,2,0,3,1
1,40.811456,0,3,0,7,1,0,3,2,3,1,4,1,0,0,1
1,40.811456,7,1,15000,1,2,25000,3,1,3,1,3,3,0,1,0
1,40.811456,2,1,15000,3,2,2000000,3,1,4,5,5,4,0,3,1
1,40.811456,2,3,5000,1,1,0,3,2,2,1,3,4,0,1,0
1,2,0,1,0,1,0,400000,5,0,2,2,2,2,0,0,0
1,31.428571,2,1,5000,3,1,125000,3,0,4,2,5,4,0,1,0
1,36.871508,5,1,5000,6,1,2000000,3,1,2,2,4,5,0,3,0
1,36.871508,7,1,15000,1,2,2000000,3,0,5,5,5,3,0,1,0
1,40.811456,3,1,5000,1,2,2000000,3,1,1,2,2,3,0,1,1
1,40.811456,6,3,0,2,1,0,5,2,2,1,5,1,0,3,0
1,40.811456,2,1,5000,1,0,1200000,5,0,4,1,1,2,0,0,0
1,31.428571,2,5,15000,3,1,2000000,3,5,3,1,4,3,0,3,0
1,40.811456,2,1,5000,1,2,1000000,3,1,3,3,3,2,0,1,1
1,36.871508,3,1,5000,2,2,2000000,3,1,2,1,6,3,0,3,1
1,40.811456,7,3,15000,1,1,2000000,5,1,2,3,3,3,0,1,1
1,40.811456,4,1,15000,2,3,2000000,3,1,3,5,3,4,0,3,1
1,2,0,1,15000,1,0,1200000,3,0,0,6,2,4,0,0,0
1,40.811456,3,3,0,6,1,25000,1,5,1,1,0,3,0,3,0
1,40.811456,5,2,8000,1,2,400000,3,1,3,1,5,2,0,1,1
1,36.871508,4,2,15000,3,1,2000000,1,1,2,3,4,2,0,5,0
1,36.871508,1,1,0,1,1,1000000,3,2,3,1,2,4,0,1,1
1,2,0,1,8000,1,0,1200000,5,0,0,1,2,2,0,0,0
1,36.871508,0,3,0,1,1,0,3,1,3,3,4,2,0,0,0
1,36.871508,10,1,8000,1,2,2000000,5,1,3,3,2,1,0,1,0
1,33.333333,2,1,8000,1,2,2000000,3,1,2,1,5,2,0,1,1
1,40.811456,0,1,8000,1,0,400000,1,0,2,1,5,3,0,0,0
1,2,0,1,15000,1,0,25000,5,0,3,1,2,4,0,0,0
1,40.811456,13,4,8000,1,1,2000000,1,1,2,1,4,1,0,5,0
1,40.811456,2,2,8000,2,2,1000000,3,1,1,1,2,7,0.5,1,0
1,40.811456,3,2,5000,1,1,2000000,3,1,2,4,4,2,0,3,1
1,36.871508,0,1,5000,4,2,1000000,5,1,3,1,6,3,0,3,0
1,36.871508,8,1,15000,1,1,125000,5,0,4,4,3,2,0,1,1
1,40.811456,6,1,15000,1,0,400000,3,0,3,3,3,3,0,0,0
1,2,0,1,15000,5,0,1200000,3,0,2,4,4,2,0,0,1
1,40.811456,1,2,2000,4,2,125000,5,3,0,2,4,3,1,1,1
1,36.871508,7,2,15000,4,1,2000000,5,5,1,2,6,2,0,5,0
1,36.871508,10,4,15000,1,2,400000,5,2,3,1,3,4,0,5,0
1,40.811456,4,2,15000,1,2,2000000,5,2,1,2,0,8,1,3,0
1,2,0,1,15000,1,0,1200000,3,0,1,3,4,2,0,0,0
1,40.811456,2,2,8000,1,1,400000,1,1,2,1,5,5,1,1,1
1,40.811456,4,1,5000,1,2,125000,3,1,2,1,2,2,0,1,0
1,40.811456,14,1,5000,2,1,125000,5,0,5,1,3,4,0,3,0
1,36.871508,3,1,5000,2,2,1000000,5,4,4,2,4,7,0,3,0
1,36.871508,3,3,15000,1,1,0,3,1,1,1,6,1,0,0,0
1,40.811456,16,3,5000,4,1,0,3,0,3,1,6,4,0,3,1
1,40.811456,9,1,15000,1,2,1000000,5,0,5,3,3,2,0,3,0
1,2,0,1,5000,5,0,400000,5,0,5,1,4,3,0,0,0
1,31.428571,2,4,5000,1,2,2000000,1,1,0,1,5,2,0,1,0
1,40.811456,2,2,0,1,1,2000000,3,1,2,1,4,2,0.4,3,0
1,40.811456,8,1,2000,1,0,25000,1,0,1,1,3,1,0,1,1
1,40.811456,6,1,15000,1,0,1200000,5,0,5,5,4,2,0,1,1
1,36.871508,6,2,15000,1,2,125000,3,2,2,2,5,3,0,1,1
1,40.811456,4,1,8000,2,2,1000000,3,1,2,1,5,2,0,3,0
1,36.871508,4,1,8000,1,0,1200000,5,0,3,1,5,3,0,3,1
1,40.811456,5,1,15000,1,2,2000000,1,0,1,1,6,4,0,1,1
0.5,36.871508,10,1,5000,1,2,25000,3,5,4,1,6,2,0,3,0
1,40.811456,7,1,15000,5,0,1200000,3,0,3,1,2,4,0,3,1
1,36.871508,3,1,5000,1,0,1200000,3,0,3,2,4,3,0,3,0
1,40.811456,4,2,5000,2,2,125000,5,5,3,5,4,1,0,1,1
1,36.871508,6,1,2000,4,2,2000000,3,3,2,1,5,4,0,3,0
1,40.811456,6,2,8000,3,1,25000,5,3,5,2,5,2,0,1,0
1,2,0,1,8000,1,0,1200000,3,0,2,2,5,4,0,0,0
1,40.811456,1,1,15000,1,1,0,5,5,2,2,6,3,1.333333333,0,1
1,31.428571,4,2,5000,1,1,2000000,3,2,2,1,4,5,0,3,1
1,36.871508,8,2,15000,3,1,2000000,5,1,4,3,3,3,0,1,0
1,40.811456,5,1,8000,1,1,400000,5,1,4,1,2,2,0,1,0
1,40.811456,3,2,5000,3,1,125000,3,2,0,3,1,2,0,1,0
1,31.428571,1,4,15000,1,1,400000,3,2,4,3,2,3,0,1,0
1,40.811456,4,1,5000,1,0,1200000,1,0,2,2,4,4,0,1,0
1,40.811456,3,2,5000,1,1,2000000,1,0,2,1,6,3,1.333333333,1,0
1,2,0,1,0,1,0,0,5,0,5,3,1,4,0,0,1
1,33.333333,5,2,8000,3,2,1000000,1,1,1,3,5,3,0,1,1
1,40.811456,6,1,0,1,0,1200000,5,0,2,2,1,4,0,1,0
1,36.871508,2,5,5000,2,2,25000,3,1,3,2,0,2,0,1,0
1,40.811456,3,2,15000,1,1,400000,3,1,2,1,5,5,0,3,0
1,40.811456,5,1,15000,1,1,1000000,5,2,3,3,4,3,0,3,1
1,40.811456,12,2,8000,4,1,2000000,3,1,3,2,5,4,0,1,1
1,36.871508,2,3,0,1,2,0,5,0,3,1,2,7,0,1,0
1,40.811456,1,3,5000,6,1,400000,3,5,2,1,5,2,0,1,0
1,40.811456,6,2,5000,1,1,2000000,1,0,2,2,4,3,0,1,0
1,40.811456,4,1,15000,4,1,1000000,5,5,3,1,6,1,0,1,0
1,36.871508,8,1,15000,1,2,125000,3,1,3,6,4,1,0,1,1
1,40.811456,2,1,15000,1,0,400000,5,0,0,3,6,3,0,3,0
1,36.871508,5,1,15000,2,2,2000000,5,1,3,1,4,3,0,3,1
1,40.811456,2,1,15000,2,1,400000,5,1,1,4,4,1,0,1,0
1,36.871508,0,3,0,1,1,0,3,2,2,3,4,2,0,0,0
1,40.811456,0,1,15000,1,0,1200000,3,0,3,2,4,4,0,0,0
1,40.811456,7,2,5000,1,1,125000,5,2,5,1,5,5,0,1,0
1,40.811456,15,1,5000,1,2,2000000,3,0,4,2,6,1,0,1,1
1,2,0,1,5000,1,0,1200000,1,0,1,2,4,3,0,0,0
1,40.811456,4,1,2000,5,0,1200000,5,0,5,1,1,1,0,0,0
1,2,0,1,15000,1,0,25000,5,0,4,3,4,1,0,0,1
1,40.811456,4,1,15000,1,2,25000,5,1,4,2,5,1,0,1,0
1,2,0,1,5000,1,0,400000,3,0,1,1,1,2,0,0,0
1,40.811456,2,1,2000,1,1,400000,5,0,5,1,4,4,0,1,0
1,40.811456,0,1,0,1,0,1200000,1,0,0,6,4,3,0,0,0
1,40.811456,6,2,15000,6,2,1000000,1,0,2,2,1,4,0,1,0
1,40.811456,4,2,15000,1,1,125000,3,5,1,1,4,3,0,1,0
1,2,0,1,15000,1,0,1200000,5,0,4,4,4,3,0,0,0
1,40.811456,3,2,5000,2,1,25000,5,3,4,1,5,3,0,3,0
1,40.811456,5,2,15000,4,1,400000,3,0,5,3,5,3,0,1,1
1,40.811456,10,1,15000,1,1,2000000,5,3,5,6,3,3,0,3,0
1,40.811456,5,1,15000,1,2,2000000,3,2,4,2,4,1,0,3,1
1,36.871508,7,5,5000,1,1,2000000,3,1,3,3,5,4,0,3,0
1,40.811456,7,2,15000,2,1,400000,3,2,1,4,6,4,2,1,1
1,2,0,1,2000,1,0,0,3,0,1,1,4,1,0,0,0
1,40.811456,10,1,0,1,1,2000000,3,1,2,1,1,2,0.25,0,0
1,40.811456,4,1,8000,4,2,0,3,2,2,1,6,2,0,3,0
1,40.811456,18,1,15000,4,2,2000000,3,0,2,2,4,4,0,3,1
1,36.871508,0,3,0,1,1,0,3,2,3,3,5,2,0.25,0,0
1,2,0,1,5000,5,0,1200000,3,0,2,4,2,1,0,0,0
1,2,0,1,15000,1,0,400000,5,0,4,2,4,3,0,0,0
1,36.871508,8,1,5000,6,2,25000,3,1,2,1,2,5,0,1,0
1,40.811456,3,2,15000,1,1,400000,3,2,2,3,2,4,0,1,1
1,36.871508,2,1,15000,1,1,400000,3,1,3,3,5,4,0,1,0
1,40.811456,3,1,5000,6,1,1000000,3,2,1,3,3,1,0,1,0
1,40.811456,5,1,15000,1,0,1200000,5,0,0,2,3,1,0,1,1
1,40.811456,1,2,8000,1,1,125000,3,2,0,1,4,3,0,1,0
1,2,7,1,15000,5,0,1200000,3,0,2,3,4,3,0,0,1
1,40.811456,1,3,5000,1,1,0,5,3,2,4,4,2,0,0,0
1,36.871508,7,3,8000,6,1,400000,3,2,4,2,5,3,0,5,0
1,36.871508,4,2,8000,6,2,400000,3,2,0,3,6,3,0,1,1
1,36.871508,4,2,5000,6,3,125000,1,1,1,3,5,3,0,3,0
1,36.871508,2,1,5000,4,2,1000000,3,1,2,4,4,2,0,1,1
1,2,0,1,2000,5,0,400000,3,0,2,2,4,5,0,0,0
1,2,4,1,15000,1,0,1200000,1,0,0,4,4,3,0,0,0
1,40.811456,8,1,2000,2,2,125000,5,3,2,4,5,4,0,3,0
1,40.811456,2,1,15000,2,2,1000000,3,0,3,5,3,4,1,1,1
1,40.811456,5,1,2000,1,0,1200000,5,0,3,2,4,4,0,1,0
1,36.871508,2,2,5000,3,1,125000,3,2,0,1,3,2,0,1,0
1,40.811456,5,1,5000,1,1,2000000,3,1,2,6,4,3,0,3,0
1,36.871508,3,1,2000,2,2,125000,1,1,0,6,5,2,0,1,1
1,40.811456,10,1,15000,1,2,2000000,3,1,2,1,6,2,0.666666667,1,0
1,40.811456,4,2,8000,1,1,400000,5,2,3,3,5,4,1,1,0
1,40.811456,2,1,5000,1,0,400000,3,0,1,5,1,2,0,0,0
1,36.871508,6,1,15000,3,1,1000000,3,2,2,1,1,4,0,5,0
1,40.811456,2,4,5000,2,2,2000000,3,2,0,1,4,2,0,1,0
1,36.871508,2,2,8000,1,2,2000000,3,2,4,1,5,3,0,1,0
1,2,0,1,15000,1,0,1200000,3,0,3,3,4,5,0,0,0
1,40.811456,6,1,5000,1,1,2000000,1,0,1,3,4,3,0,5,1
1,2,0,1,15000,1,0,1200000,5,0,4,1,2,3,0,0,0
1,36.871508,5,2,15000,4,2,400000,3,1,1,1,6,2,0.333333333,1,0
1,36.871508,5,1,5000,6,1,2000000,3,2,3,3,2,3,0,1,0
1,40.811456,2,2,8000,2,1,400000,3,1,0,1,6,3,0,1,0
1,40.811456,0,1,0,1,1,0,5,0,5,1,4,5,0,0,0
1,40.811456,1,3,0,1,1,1000000,1,2,0,1,5,1,0,1,1
1,31.428571,6,2,5000,1,1,1000000,3,3,3,3,2,2,0,5,0
1,36.871508,3,2,2000,2,2,400000,5,1,5,1,4,3,0,1,1
1,36.871508,5,2,15000,4,1,125000,5,3,4,1,1,3,0,3,1
1,40.811456,9,3,5000,4,1,0,5,1,4,3,3,1,0,3,0
1,40.811456,2,1,5000,5,0,400000,5,0,3,6,5,4,0,0,1
1,40.811456,1,1,0,3,2,0,1,1,0,,4,2,0,0,0
1,40.811456,10,3,15000,1,1,2000000,3,2,2,2,0,2,0,1,1
1,40.811456,3,1,8000,3,2,1000000,3,1,2,3,4,2,0,3,1
1,36.871508,2,1,15000,3,2,400000,3,1,3,3,4,4,0,3,0
1,2,0,1,15000,1,0,1200000,3,0,0,1,5,4,0,0,0
1,36.871508,6,2,15000,1,1,2000000,3,0,2,3,5,4,0,3,1
1,40.811456,2,2,0,1,2,125000,3,0,2,1,6,2,0,1,1
1,36.871508,8,1,15000,1,1,400000,3,0,3,1,4,2,0,3,1
1,40.811456,4,1,5000,1,1,400000,5,0,2,2,4,2,0,3,0
1,40.811456,6,2,15000,1,2,1000000,5,2,4,3,3,3,0,5,1
1,36.871508,0,1,15000,1,0,1200000,3,0,3,4,4,4,0,0,1
1,40.811456,0,1,5000,1,0,400000,5,0,2,4,4,2,0,0,0
1,40.811456,8,1,15000,1,1,125000,5,2,0,2,5,3,0,1,1
1,40.811456,0,1,0,4,2,0,3,1,3,1,4,3,0,0,0
1,40.811456,6,1,15000,5,1,1200000,3,0,3,1,2,2,0,3,0
1,36.871508,6,2,8000,2,1,2000000,1,0,2,1,4,3,0,1,0
1,40.811456,4,3,5000,6,1,400000,3,3,2,3,3,4,0,3,0
1,40.811456,5,1,15000,6,2,2000000,5,1,4,1,6,2,0,3,0
1,40.811456,9,1,5000,1,2,2000000,3,1,2,3,5,2,0,3,0
1,36.871508,3,1,15000,6,1,400000,3,5,3,5,3,1,0,1,1
1,36.871508,10,2,5000,4,1,400000,3,0,2,2,3,3,0,5,0
1,40.811456,8,1,15000,4,2,400000,3,4,3,1,4,1,0,1,0
1,40.811456,9,1,8000,1,2,1000000,3,1,2,5,4,2,0,3,1
1,40.811456,4,1,5000,6,2,1000000,3,1,3,1,3,3,0,3,1
1,40.811456,0,1,5000,5,0,400000,5,0,3,2,4,4,0,0,0
1,40.811456,7,3,15000,1,1,1000000,5,2,5,2,4,3,0,3,1
1,36.871508,10,2,15000,6,1,1000000,3,0,4,3,5,3,0,3,1
1,40.811456,3,1,5000,2,2,125000,5,2,4,,5,2,0,1,0
1,31.428571,3,1,15000,1,1,125000,3,2,3,6,4,2,0,0,1
1,40.811456,2,1,15000,1,0,25000,1,0,1,2,4,1,0,0,1
1,40.811456,4,1,15000,1,0,400000,5,0,0,3,4,4,0,3,1
1,40.811456,2,3,15000,1,1,25000,3,1,2,1,3,8,0,1,0
1,40.811456,3,1,15000,5,0,400000,5,0,2,2,5,2,0,3,1
1,40.811456,2,4,5000,2,1,2000000,5,2,5,1,3,1,0,3,0
1,40.811456,7,2,15000,1,2,2000000,1,1,4,1,3,2,0.333333333,5,0
1,40.811456,6,2,15000,1,1,2000000,5,2,2,2,4,3,0,5,0
1,40.811456,0,3,0,1,1,0,5,2,4,3,3,1,0.5,0,1
1,2,0,1,8000,5,0,1200000,5,0,0,1,4,3,0,0,1
1,2,0,1,8000,1,0,400000,5,0,3,3,2,2,0,0,0
1,40.811456,4,1,5000,1,2,1000000,5,3,3,2,5,3,0.666666667,1,0
1,2,0,1,8000,1,0,1200000,5,0,4,1,4,4,0,0,0
1,40.811456,2,2,2000,6,2,1000000,3,2,1,2,5,3,0,1,0
1,36.871508,2,1,15000,1,1,2000000,3,1,3,1,4,5,0,1,0
1,2,0,1,15000,1,0,400000,5,0,5,1,4,3,0,0,0
1,2,0,1,15000,1,0,1200000,1,0,4,1,2,3,0,0,0
1,36.871508,0,3,0,6,1,0,5,1,2,4,4,3,0,0,0
1,2,0,1,15000,1,0,25000,5,0,2,3,4,4,0,0,1
1,40.811456,0,1,2000,1,0,1200000,1,0,1,1,5,4,0,1,1
1,40.811456,8,1,15000,1,3,2000000,3,1,3,1,6,2,0,5,1
1,2,0,1,8000,1,0,1200000,3,0,2,1,5,3,0,0,0
1,40.811456,3,1,15000,1,1,2000000,3,2,1,3,3,1,0,3,0
1,33.333333,3,1,15000,4,2,2000000,3,5,1,1,3,1,0,3,0
1,2,0,1,15000,5,0,1200000,5,0,3,2,2,2,0,0,1
1,2,0,1,15000,5,0,1200000,3,0,3,2,3,5,0,0,1
1,40.811456,3,2,15000,1,1,2000000,5,5,1,3,3,3,1,1,1
1,40.811456,4,1,15000,1,1,400000,5,3,1,3,4,4,0,1,1
1,40.811456,3,1,15000,1,1,1000000,5,2,4,5,2,4,1,1,1
1,36.871508,1,5,15000,3,2,125000,3,3,0,1,4,5,0,0,0
1,40.811456,8,2,15000,3,1,125000,3,2,0,3,2,1,0,3,1
1,40.811456,3,2,15000,2,2,2000000,5,2,3,2,4,1,0,1,1
1,40.811456,6,3,5000,6,1,1000000,3,1,3,1,1,3,0,3,0
1,40.811456,10,3,15000,3,1,2000000,3,1,3,3,6,4,0,3,0
1,2,0,1,5000,1,0,25000,3,0,1,1,4,4,0,0,0
1,40.811456,5,1,15000,6,2,1000000,5,3,2,1,3,4,0,3,0
1,40.811456,6,1,5000,3,2,2000000,3,0,3,2,3,5,0.4,5,0
1,40.811456,7,1,8000,5,0,1200000,3,0,2,2,2,4,0,0,0
1,40.811456,2,2,15000,4,2,2000000,3,1,2,5,2,2,0,1,1
1,40.811456,2,2,8000,1,1,400000,5,3,1,2,5,4,0.5,3,0
0.5,40.811456,3,1,2000,1,2,400000,5,3,4,4,3,3,0,1,0
1,2,0,1,15000,1,0,1200000,3,0,0,5,5,4,0,0,1
1,40.811456,5,2,15000,3,2,1000000,3,3,2,2,5,2,0,1,0
1,36.871508,10,1,5000,3,1,2000000,1,0,3,2,5,3,0,3,1
1,40.811456,7,1,15000,1,2,2000000,5,1,3,3,5,2,0,3,1
1,2,0,1,5000,1,0,1200000,5,0,4,2,2,3,0,0,0
0.5,40.811456,3,1,0,2,2,1000000,3,3,0,2,6,1,0,1,1
1,40.811456,8,2,8000,1,1,25000,3,2,3,3,4,1,0,5,0
0.5,40.811456,0,1,0,7,2,0,5,2,4,4,5,3,0,0,0
1,2,0,1,15000,5,0,1200000,5,0,3,4,4,2,0,0,1
1,2,0,1,8000,1,0,1200000,1,0,1,3,4,5,0,0,1
1,40.811456,7,1,5000,1,1,1000000,3,2,3,2,4,4,0,3,0
1,2,0,1,5000,1,0,1200000,3,0,0,1,2,2,0,0,0
1,31.428571,7,2,15000,1,1,125000,3,0,3,2,4,3,0,1,0
1,40.811456,5,1,15000,1,1,25000,3,1,3,2,6,1,0,1,0
1,40.811456,2,1,5000,3,2,1000000,5,1,4,2,5,1,0,1,0
1,40.811456,1,3,15000,1,1,2000000,5,1,4,5,2,3,1,0,1
1,36.871508,4,2,0,1,0,25000,5,0,1,2,5,3,0,1,0
1,40.811456,0,1,8000,1,0,25000,3,0,3,4,3,4,0,0,0
1,40.811456,0,1,0,1,2,0,3,2,3,4,4,1,0.5,0,0
1,40.811456,3,1,0,4,2,2000000,5,2,2,1,3,4,0,1,0
1,36.871508,2,1,5000,1,2,25000,3,2,3,1,5,4,0,1,0
1,2,0,1,5000,1,0,1200000,3,0,4,1,4,3,0,0,1
0.5,36.871508,3,1,5000,2,2,125000,3,2,2,1,2,1,0,1,0
1,31.428571,1,1,5000,3,1,125000,3,2,5,2,5,2,0,1,0
1,36.871508,3,1,5000,1,2,0,3,2,2,6,3,4,0,1,1
1,36.871508,4,2,5000,1,1,2000000,3,1,3,5,4,2,0,1,1
1,40.811456,3,2,2000,1,1,125000,3,2,0,1,5,2,0,0,1
1,40.811456,0,1,8000,5,0,1200000,3,0,2,2,4,3,0,0,0
1,2,0,1,2000,1,0,0,5,0,2,4,1,2,0,0,0
1,36.871508,1,1,15000,2,2,2000000,5,1,4,2,2,4,0,5,1
1,40.811456,6,1,15000,1,2,1000000,3,1,3,2,4,5,0,1,1
1,40.811456,5,1,15000,1,0,400000,3,0,2,5,4,4,0,0,0
1,2,0,1,15000,1,0,1200000,3,0,1,5,4,3,0,0,1
1,36.871508,5,1,15000,1,2,2000000,3,1,2,1,5,4,0,3,1
1,36.871508,5,1,2000,1,0,400000,1,0,0,2,2,3,0,0,0
1,40.811456,7,1,8000,2,1,1000000,5,1,4,3,5,3,0,1,0
1,40.811456,6,1,15000,1,0,1200000,3,0,2,4,4,4,0,0,0
1,36.871508,3,1,8000,1,2,1000000,3,1,1,2,2,4,0,5,0
1,36.871508,4,2,5000,1,1,1000000,3,0,4,5,3,3,0,0,0
1,40.811456,2,1,8000,1,1,1000000,3,0,3,6,4,1,0,1,1
1,40.811456,6,1,8000,1,2,2000000,5,2,4,4,4,3,0,3,0
1,40.811456,2,1,8000,1,0,400000,1,0,3,1,5,3,0,1,0
1,36.871508,7,1,15000,7,2,2000000,3,1,2,3,4,4,0,1,0
1,40.811456,1,1,2000,4,1,1000000,3,0,4,4,3,5,0,1,1
1,40.811456,0,1,5000,1,0,1200000,5,0,2,5,5,3,0,0,0
1,40.811456,4,2,8000,2,2,2000000,3,2,0,1,6,2,0,1,1
1,40.811456,5,1,15000,4,4,2000000,1,0,2,5,2,4,0,5,1
1,40.811456,3,1,8000,3,2,1000000,5,2,2,2,4,4,0,3,0
1,2,0,1,0,5,0,0,5,0,5,1,2,3,0,0,0
1,40.811456,6,1,2000,6,1,25000,5,1,4,3,6,3,0,3,0
1,2,0,1,8000,5,0,400000,5,0,3,3,5,3,0,0,1
1,40.811456,3,1,15000,2,1,1000000,5,2,5,5,4,1,0,3,1
0.5,40.811456,4,1,15000,6,1,1000000,5,2,2,1,4,3,0,3,0
1,40.811456,1,2,5000,6,1,25000,5,2,2,2,4,3,0,1,0
1,36.871508,5,1,15000,6,2,2000000,3,1,4,2,2,4,0,3,0
0.5,40.811456,8,2,8000,1,1,1000000,3,0,2,3,4,3,0,1,0
1,31.428571,2,1,8000,1,1,125000,3,2,4,5,2,1,0,1,0
1,36.871508,17,4,8000,3,2,400000,3,0,2,2,5,3,0,3,0
1,40.811456,2,2,5000,1,2,2000000,3,1,2,1,3,2,0,1,1
1,40.811456,4,2,5000,1,2,2000000,3,2,3,1,1,1,0,1,0
1,40.811456,1,1,5000,4,2,1000000,3,2,3,3,4,5,0,5,1
1,36.871508,2,1,8000,1,2,1000000,5,3,2,1,1,1,0,1,0
1,36.871508,0,1,0,4,2,0,1,1,1,1,6,4,0,0,0
1,40.811456,2,1,15000,1,2,2000000,5,0,4,1,4,1,0,1,0
1,36.871508,1,4,5000,6,2,2000000,5,0,5,1,1,3,0,1,0
1,36.871508,0,3,0,1,1,0,1,1,0,3,3,3,0.25,0,0
1,36.871508,4,1,8000,1,0,1200000,5,0,5,3,3,3,0,3,0
1,40.811456,4,1,15000,1,2,400000,3,1,3,,6,1,0.25,1,0
1,2,0,1,15000,1,0,1200000,1,0,2,1,4,2,0,0,1
1,40.811456,0,1,15000,1,0,1200000,3,0,0,1,0,2,0,0,0
1,40.811456,1,3,2000,1,1,400000,1,2,2,1,4,3,0,1,1
1,2,0,1,15000,5,0,1200000,5,0,4,1,1,3,0,0,1
1,40.811456,4,5,0,2,2,2000000,5,2,4,2,5,4,1,3,0
1,40.811456,6,2,15000,4,1,400000,3,0,4,1,6,3,0,3,0
1,31.428571,3,2,15000,1,1,400000,5,1,2,1,4,2,0,1,0
1,36.871508,6,1,8000,2,2,400000,3,0,3,2,3,3,0,3,0
1,40.811456,4,1,15000,5,0,25000,3,0,3,1,4,4,0,3,1
1,40.811456,4,1,5000,3,1,2000000,3,2,2,3,5,2,0,1,1
1,40.811456,15,1,5000,3,2,25000,5,5,2,,6,1,0.4,1,0
1,40.811456,2,1,8000,1,0,400000,3,0,1,4,1,5,0,1,0
1,40.811456,15,3,15000,1,4,2000000,5,1,3,1,3,4,0,5,0
1,40.811456,3,1,5000,3,2,1000000,3,5,2,1,5,2,0,3,1
1,36.871508,12,3,5000,6,1,2000000,5,0,3,3,3,3,0,5,1
1,36.871508,8,1,15000,5,0,1200000,5,0,1,3,4,2,0,0,1
0.5,40.811456,3,1,0,2,2,125000,5,4,4,1,3,4,0,1,1
0.5,40.811456,5,2,5000,4,2,0,3,2,2,1,4,2,0,1,0
1,40.811456,7,5,5000,1,1,2000000,3,1,4,3,3,2,0,1,0
1,40.811456,14,2,5000,1,2,1000000,3,0,3,1,2,4,0,3,0
1,40.811456,1,2,0,1,0,25000,5,0,5,1,1,1,0,3,1
1,36.871508,7,2,15000,2,2,400000,3,2,1,3,5,3,1,3,1
1,31.428571,0,3,0,1,1,0,5,1,5,1,5,3,0.25,0,1
1,2,0,1,15000,5,0,1200000,5,0,5,1,4,4,0,0,1
0.5,36.871508,2,1,5000,1,2,1000000,3,1,3,2,6,3,0,1,0
1,31.428571,6,1,5000,1,1,25000,3,2,3,4,5,2,0,3,0
1,40.811456,4,1,8000,1,0,400000,1,0,1,2,1,3,0,3,1
1,40.811456,3,1,15000,1,0,1200000,5,0,1,2,4,3,0,3,0
1,40.811456,1,1,5000,3,1,2000000,3,4,3,2,3,3,0,1,0
1,40.811456,7,1,2000,1,0,400000,1,0,1,6,2,2,0,0,1
1,40.811456,3,1,0,2,2,2000000,3,1,1,2,2,4,0,1,1
1,36.871508,4,2,15000,6,3,400000,5,4,2,1,4,1,0,1,0
1,36.871508,3,5,0,1,2,400000,3,2,2,3,5,2,0,1,0
1,2,0,1,15000,5,0,125000,5,0,2,1,4,5,0,0,0
1,40.811456,1,2,5000,4,2,1000000,3,1,2,1,5,4,1.333333333,1,1
1,31.428571,7,1,8000,2,2,2000000,5,5,5,6,4,1,0,3,0
0.5,40.811456,5,1,15000,1,1,1000000,3,0,3,3,4,2,0,1,1
1,40.811456,0,1,15000,1,0,0,3,0,4,2,3,2,0,0,0
1,36.871508,3,1,15000,4,2,1000000,5,4,2,4,3,4,0,1,1
1,2,0,1,5000,5,0,125000,5,0,4,2,4,3,0,0,0
1,40.811456,4,5,5000,1,2,125000,5,2,0,1,5,4,0,3,1
1,40.811456,2,1,0,1,2,1000000,3,3,2,2,3,4,0,1,0
1,36.871508,6,1,8000,3,1,2000000,5,1,5,2,1,5,0,1,0
1,40.811456,6,1,15000,1,3,1000000,3,1,0,2,5,1,0,3,1
1,40.811456,15,2,15000,1,2,1000000,1,1,1,1,4,4,0,3,0
1,36.871508,5,1,15000,1,2,400000,3,1,3,1,3,3,0,1,0
1,2,0,1,2000,5,0,1200000,5,0,5,2,2,2,0,0,0
1,40.811456,2,2,15000,2,1,125000,3,1,2,2,4,4,2,1,1
1,36.871508,4,1,5000,4,2,400000,5,1,4,5,5,4,0,1,1
1,40.811456,3,1,8000,2,2,1000000,5,5,0,1,6,4,0,1,1
1,40.811456,6,1,8000,1,2,1000000,1,1,1,1,6,1,0,3,0
1,2,0,1,15000,5,0,400000,3,0,2,1,4,2,0,0,0
1,36.871508,2,3,5000,1,1,0,5,0,4,2,3,1,0,3,1
1,2,0,1,15000,1,0,1200000,3,0,0,4,6,2,0,0,0
1,40.811456,5,1,15000,6,2,2000000,5,4,2,1,3,1,0,3,0
1,40.811456,5,1,5000,2,2,400000,5,2,2,3,5,2,0,3,1
1,36.871508,4,2,15000,1,2,2000000,3,1,4,3,4,4,0,1,1
1,40.811456,3,1,8000,1,0,1200000,3,0,2,2,2,1,0,1,1
1,36.871508,2,1,0,1,2,2000000,5,2,2,2,4,3,0,1,0
1,2,0,1,15000,5,0,1200000,5,0,0,4,4,1,0,0,1
1,40.811456,3,2,2000,1,2,25000,3,1,2,1,5,4,0,3,0
1,36.871508,3,2,5000,1,2,400000,5,1,3,1,0,4,0.333333333,3,0
1,31.428571,4,1,15000,1,1,25000,3,2,4,3,4,4,0,1,0
1,40.811456,6,1,5000,6,2,400000,3,2,2,1,5,5,0,3,1
1,36.871508,2,1,5000,1,2,1000000,5,2,4,5,3,4,0,1,0
1,40.811456,3,1,15000,3,1,1000000,1,1,1,3,5,3,0,1,1
1,40.811456,2,2,15000,1,2,2000000,3,1,4,3,4,2,0,1,1
1,40.811456,5,1,8000,4,4,400000,3,0,3,1,4,2,1.333333333,3,0
1,40.811456,6,1,8000,3,2,125000,3,4,0,1,3,7,0,3,0
1,2,3,2,8000,1,0,1200000,3,0,2,3,6,5,0,1,0
1,40.811456,0,1,0,7,2,0,3,0,2,5,4,1,0,0,0
1,2,0,1,0,1,0,400000,5,0,4,3,2,5,0,0,0
1,36.871508,5,1,8000,1,2,2000000,1,1,2,1,4,4,0,1,0
1,40.811456,0,3,0,4,1,0,5,4,0,2,4,3,0,0,1
1,2,0,1,15000,5,0,1200000,3,0,2,3,4,3,0,0,0
1,40.811456,3,2,15000,1,2,400000,3,1,3,3,5,4,0,1,1
1,36.871508,8,1,5000,1,1,2000000,5,4,3,2,5,3,0,1,1
1,2,0,1,15000,1,0,1200000,3,0,3,5,0,3,0,0,0
1,36.871508,15,2,5000,4,2,1000000,5,2,3,1,4,1,0,1,1
1,36.871508,6,1,15000,1,2,2000000,3,1,3,3,5,2,0,3,1
1,40.811456,4,1,15000,4,2,2000000,5,5,0,1,2,3,0,3,1
1,40.811456,4,1,15000,6,3,2000000,3,1,2,4,3,2,0,1,1
1,36.871508,9,1,2000,1,2,1000000,5,1,3,3,4,3,0,3,1
1,40.811456,1,1,5000,1,2,25000,3,0,4,1,5,1,0,0,0
1,36.871508,0,1,0,4,2,0,5,0,3,2,5,1,0,0,0
1,2,0,1,15000,1,0,400000,5,0,2,3,3,4,0,0,0
1,2,0,1,15000,5,0,400000,5,0,2,4,2,1,0,0,0
1,36.871508,1,2,8000,4,2,2000000,5,5,2,1,4,2,1,1,1
1,40.811456,0,1,0,7,2,0,5,5,3,1,4,5,0,0,0
1,40.811456,7,2,5000,2,1,400000,3,1,2,3,3,4,1,1,1
1,40.811456,1,3,2000,2,1,0,3,1,2,1,4,4,0,1,0
1,36.871508,1,1,15000,1,1,2000000,3,1,0,1,3,2,0,1,1
1,40.811456,4,2,5000,6,1,1000000,3,1,4,2,4,3,0,1,0
1,40.811456,3,1,15000,1,2,1000000,3,1,3,2,3,1,0,1,1
1,40.811456,4,2,15000,1,5,2000000,5,2,3,2,2,1,0,1,0
0.5,40.811456,3,3,8000,1,1,25000,3,1,2,4,3,1,0,1,0
1,2,0,1,15000,1,0,1200000,5,0,3,5,1,3,0,0,1
1,40.811456,8,3,5000,6,2,125000,3,1,2,4,4,4,0,3,1
1,31.428571,7,1,8000,1,1,400000,3,1,3,3,4,4,0,3,0
1,40.811456,5,1,15000,1,1,125000,5,4,1,2,3,2,0,1,0
1,2,0,1,2000,1,0,0,3,0,3,3,5,4,0,0,0
1,40.811456,1,3,5000,1,1,400000,1,4,2,4,4,1,0,1,1
1,36.871508,0,1,5000,1,0,1200000,5,0,4,1,4,2,0,0,0
1,2,0,1,2000,1,1,0,5,0,0,1,2,3,0,0,0
1,40.811456,10,1,15000,1,2,2000000,5,1,3,4,3,4,0,3,1
1,2,3,1,5000,1,0,1200000,3,0,0,1,4,3,0,3,1
1,40.811456,2,2,15000,1,1,2000000,3,5,2,2,4,1,1,1,0
1,40.811456,8,1,15000,2,2,2000000,3,4,4,4,3,3,0,3,1
1,40.811456,8,2,5000,1,1,25000,3,0,3,3,4,2,0,3,0
1,36.871508,2,1,5000,1,1,1000000,5,5,3,4,5,1,0,1,1
1,40.811456,6,2,15000,1,1,400000,5,2,2,3,4,4,0,5,0
1,31.428571,4,1,5000,6,1,1000000,3,0,2,4,2,2,0,1,1
1,40.811456,1,2,8000,2,1,1000000,1,1,2,3,3,1,0,1,0
1,33.333333,3,2,5000,1,2,1000000,5,5,5,1,6,5,0,3,0
1,31.428571,6,3,2000,1,1,0,5,5,3,6,5,3,0,1,1
1,2,0,1,0,1,0,1200000,5,0,0,1,5,2,0,0,0
1,40.811456,3,2,5000,2,2,1000000,3,1,3,1,4,5,0,1,0
1,40.811456,7,2,15000,4,1,400000,3,1,3,3,5,1,0,1,1
1,40.811456,7,1,15000,2,2,2000000,5,1,5,2,4,3,0,1,0
1,40.811456,6,2,15000,3,2,2000000,3,3,1,2,0,1,0,3,1
0.5,33.333333,13,5,15000,1,1,1000000,3,0,3,4,3,2,0,5,0
1,40.811456,3,2,5000,6,2,1000000,5,1,4,2,1,4,1,1,0
1,40.811456,11,1,8000,4,1,2000000,5,1,5,3,2,1,0,1,1
1,40.811456,0,1,0,1,2,0,5,2,3,2,1,2,0,0,0
0.5,40.811456,6,1,15000,1,1,1000000,5,3,0,5,2,2,1,1,0
1,40.811456,4,2,5000,1,1,400000,3,2,2,4,4,2,0,3,0
1,36.871508,4,2,8000,4,2,1000000,1,2,2,4,5,4,0,1,0
1,36.871508,3,3,8000,1,1,125000,3,1,2,2,5,1,0,1,0
1,36.871508,2,1,15000,6,1,2000000,3,0,4,5,3,4,1,1,1
1,31.428571,1,1,15000,1,2,1000000,5,2,5,5,3,5,0,1,0
1,40.811456,5,2,5000,1,2,1000000,3,0,3,1,4,3,0,1,0
1,36.871508,5,2,15000,6,1,2000000,3,1,3,3,4,1,0,1,1
1,2,0,1,15000,1,0,25000,5,0,5,2,4,3,0,0,1
1,36.871508,5,1,15000,2,1,1000000,1,1,2,3,4,4,0,5,1
1,40.811456,2,1,0,1,2,1000000,3,1,2,3,5,4,0,1,0
1,40.811456,2,1,5000,1,0,1200000,5,0,0,3,2,2,0,0,1
1,36.871508,2,1,15000,1,1,2000000,3,3,0,2,5,2,0,1,0
1,40.811456,5,3,5000,1,1,2000000,3,0,3,1,5,2,0,1,0
1,40.811456,5,1,8000,4,2,400000,3,1,3,2,4,2,0,1,1
1,40.811456,4,1,15000,3,2,2000000,3,4,4,1,4,3,0,3,0
1,40.811456,1,1,5000,4,2,2000000,5,0,3,1,3,4,0,1,0
1,40.811456,4,2,2000,2,2,400000,3,2,2,1,2,7,0.25,1,0
1,40.811456,4,1,15000,1,0,1200000,5,0,2,2,5,1,0,3,1
1,36.871508,4,1,8000,4,1,400000,5,1,5,4,0,1,0,3,0
1,40.811456,1,2,8000,2,1,2000000,5,2,3,1,2,4,0,3,0
1,40.811456,0,1,15000,5,0,1200000,3,0,4,4,5,2,0,0,1
1,40.811456,9,2,8000,1,2,25000,3,2,2,3,0,3,0,1,0
1,40.811456,4,2,15000,1,1,125000,5,2,5,2,2,5,0,0,0
1,40.811456,5,2,2000,4,1,125000,3,1,2,3,2,1,0.25,3,1
1,40.811456,2,2,15000,3,1,125000,1,1,2,4,6,1,0,5,1
1,36.871508,5,1,8000,2,1,2000000,5,0,5,1,4,3,0,3,1
1,36.871508,9,2,0,4,1,125000,1,2,3,2,3,3,0,5,0
1,40.811456,3,2,5000,6,2,400000,3,0,2,2,2,4,0,1,0
1,40.811456,5,1,15000,4,2,2000000,3,1,4,4,6,4,0,1,1
1,2,0,1,15000,1,0,25000,3,0,2,2,2,2,0,0,1
1,40.811456,5,2,15000,6,2,2000000,3,1,2,3,4,2,0,5,1
1,36.871508,5,1,15000,2,2,2000000,3,1,3,2,5,2,0,3,1
